panel,series_label,index,value
panel_1,series_a,1,1
panel_1,series_a,2,2
panel_1,series_a,3,4
panel_1,series_a,4,8
panel_1,series_a,5,16
panel_1,series_a,6,32
panel_1,series_a,7,64
panel_1,series_a,8,128
panel_2,series_b,1,1
panel_2,series_b,2,2
panel_2,series_b,3,4
panel_2,series_b,4,8
panel_2,series_b,5,16
panel_2,series_b,6,32
panel_2,series_b,7,64
panel_2,series_b,8,128
panel_3,series_c,1,6
panel_3,series_c,2,7
panel_3,series_c,3,9
panel_3,series_c,4,13
panel_3,series_c,5,21
panel_3,series_c,6,37
panel_3,series_c,7,69
panel_3,series_c,8,133
