sequence_a,duplicate_a,suffix_offset,ratio_pair
10.37,10.37,110.37,20.74
20.37,20.37,120.37,40.74
30.37,30.37,130.37,60.74
40.37,40.37,140.37,80.74
50.37,50.37,150.37,100.74
60.37,60.37,160.37,120.74
70.37,70.37,170.37,140.74
80.37,80.37,180.37,160.74
10.37,10.37,110.37,20.74
20.37,20.37,120.37,40.74
30.37,30.37,130.37,60.74
40.37,40.37,140.37,80.74
50.37,50.37,150.37,100.74
60.37,60.37,160.37,120.74
70.37,70.37,170.37,140.74
80.37,80.37,180.37,160.74
10.37,10.37,110.37,20.74
20.37,20.37,120.37,40.74
30.37,30.37,130.37,60.74
40.37,40.37,140.37,121.11
