series_a,series_b,total_count,event_count,displayed_percentage,component_a,component_b,total
1.25,6.25,8,1,25.0,1,2,3
4.25,9.25,8,2,25.0,2,3,5
9.25,14.25,8,3,37.5,3,4,7
16.25,21.25,8,4,50.0,4,5,9
25.25,30.25,8,5,62.5,5,6,11
36.25,41.25,8,6,75.0,6,7,13
49.25,54.25,8,7,87.5,7,8,15
64.25,69.25,8,8,100.0,8,9,17
81.25,86.25,8,1,12.5,9,10,19
100.25,105.25,8,2,25.0,10,11,21
121.25,126.25,8,3,37.5,11,12,23
144.25,149.25,8,4,50.0,12,13,25
169.25,174.25,8,5,62.5,13,14,27
196.25,201.25,8,6,75.0,14,15,29
225.25,230.25,8,7,87.5,15,16,31
256.25,261.25,8,8,100.0,16,17,33
289.25,294.25,8,1,12.5,17,18,35
324.25,329.25,8,2,25.0,18,19,37
361.25,366.25,8,3,37.5,19,20,39
400.25,405.25,8,4,50.0,20,21,41
